Workbook

Sheet Payroll Summary
A1: PAYROLL SUMMARY — MARCH TO SEPTEMBER 2026
A2: Sr. | B2: Employee Name | C2: March | N2: April | Y2: May | AJ2: June | AU2: July | BF2: August | BQ2: September | CB2: Total Paid Days | CC2: Total LOP | CD2: Avg Attend%
C3: Working Days | D3: Present | E3: WFH | F3: Half Days | G3: EL | H3: SL | I3: CL | J3: LOP | K3: Paid Days | L3: Unpaid Days | M3: Attend % | N3: Working Days | O3: Present | P3: WFH | Q3: Half Days | R3: EL | S3: SL | T3: CL | U3: LOP | V3: Paid Days | W3: Unpaid Days | X3: Attend % | Y3: Working Days | Z3: Present | AA3: WFH | AB3: Half Days | AC3: EL | AD3: SL | AE3: CL | AF3: LOP | AG3: Paid Days | AH3: Unpaid Days | AI3: Attend % | AJ3: Working Days | AK3: Present | AL3: WFH | AM3: Half Days | AN3: EL | AO3: SL | AP3: CL | AQ3: LOP | AR3: Paid Days | AS3: Unpaid Days | AT3: Attend % | AU3: Working Days | AV3: Present | AW3: WFH | AX3: Half Days | AY3: EL | AZ3: SL | BA3: CL | BB3: LOP | BC3: Paid Days | BD3: Unpaid Days | BE3: Attend % | BF3: Working Days | BG3: Present | BH3: WFH | BI3: Half Days | BJ3: EL | BK3: SL | BL3: CL | BM3: LOP | BN3: Paid Days | BO3: Unpaid Days | BP3: Attend % | BQ3: Working Days | BR3: Present | BS3: WFH | BT3: Half Days | BU3: EL | BV3: SL | BW3: CL | BX3: LOP | BY3: Paid Days | BZ3: Unpaid Days | CA3: Attend %
A4: 1 | B4: Employee 1 | C4: =March!AH4 -> 26 | D4: =March!AI4 -> 0 | E4: =March!AJ4 -> 0 | F4: =March!AK4 -> 0 | G4: =March!AL4 -> 0 | H4: =March!AM4 -> 0 | I4: =March!AN4 -> 0 | J4: =March!AO4 -> 0 | ... M4: =March!AR4 -> 0 | N4: =April!AG4 -> 26 | O4: =April!AH4 -> 0 | P4: =April!AI4 -> 0 | Q4: =April!AJ4 -> 0 | R4: =April!AK4 -> 0 | S4: =April!AL4 -> 0 | T4: =April!AM4 -> 0 | U4: =April!AN4 -> 0 | ... X4: =April!AQ4 -> 0 | Y4: =#REF! -> #REF! | Z4: =#REF! -> #REF! | AA4: =#REF! -> #REF! | AB4: =#REF! -> #REF! | AC4: =#REF! -> #REF! | AD4: =#REF! -> #REF! | AE4: =#REF! -> #REF! | AF4: =#REF! -> #REF! | ... AI4: =#REF! -> #REF! | AJ4: =June!AG4 -> 22 | AK4: =June!AH4 -> 21 | AL4: =June!AI4 -> 1 | AM4: =June!AJ4 -> 0 | AN4: =June!AK4 -> 0 | AO4: =June!AL4 -> 0 | AP4: =June!AM4 -> 0 | AQ4: =June!AN4 -> 0 | ... AT4: =June!AQ4 -> 100 | AU4: =July!AH4 -> 23 | AV4: =July!AI4 -> 18 | AW4: =July!AJ4 -> 0 | AX4: =July!AK4 -> 0 | AY4: =July!AL4 -> 0 | AZ4: =July!AM4 -> 0 | BA4: =July!AN4 -> 0 | BB4: =July!AO4 -> 0 | ... BE4: =July!AR4 -> 78.26087 | BF4: =#REF! -> #REF! | BG4: =#REF! -> #REF! | BH4: =#REF! -> #REF! | BI4: =#REF! -> #REF! | BJ4: =#REF! -> #REF! | BK4: =#REF! -> #REF! | BL4: =#REF! -> #REF! | BM4: =#REF! -> #REF! | ... CA4: =#REF! -> #REF! | CB4: =K4+V4+AG4+AR4+BC4+BN4+BY4 -> #REF! | CC4: =L4+W4+AH4+AS4+BD4+BO4+BZ4 -> #REF! | CD4: =AVERAGE(M4,X4,AI4,AT4,BE4,BP4,CA4) -> #REF!
A5: 2 | B5: Employee 2 | C5: =March!AH5 -> 26 | D5: =March!AI5 -> 0 | E5: =March!AJ5 -> 0 | F5: =March!AK5 -> 0 | G5: =March!AL5 -> 0 | H5: =March!AM5 -> 0 | I5: =March!AN5 -> 0 | J5: =March!AO5 -> 0 | ... M5: =March!AR5 -> 0 | N5: =April!AG5 -> 26 | O5: =April!AH5 -> 0 | P5: =April!AI5 -> 0 | Q5: =April!AJ5 -> 0 | R5: =April!AK5 -> 0 | S5: =April!AL5 -> 0 | T5: =April!AM5 -> 0 | U5: =April!AN5 -> 0 | ... X5: =April!AQ5 -> 0 | Y5: =#REF! -> #REF! | Z5: =#REF! -> #REF! | AA5: =#REF! -> #REF! | AB5: =#REF! -> #REF! | AC5: =#REF! -> #REF! | AD5: =#REF! -> #REF! | AE5: =#REF! -> #REF! | AF5: =#REF! -> #REF! | ... AI5: =#REF! -> #REF! | AJ5: =June!AG5 -> 22 | AK5: =June!AH5 -> 22 | AL5: =June!AI5 -> 0 | AM5: =June!AJ5 -> 0 | AN5: =June!AK5 -> 0 | AO5: =June!AL5 -> 0 | AP5: =June!AM5 -> 0 | AQ5: =June!AN5 -> 0 | ... AT5: =June!AQ5 -> 100 | AU5: =July!AH5 -> 23 | AV5: =July!AI5 -> 18 | AW5: =July!AJ5 -> 0 | AX5: =July!AK5 -> 0 | AY5: =July!AL5 -> 0 | AZ5: =July!AM5 -> 0 | BA5: =July!AN5 -> 0 | BB5: =July!AO5 -> 0 | ... BE5: =July!AR5 -> 78.26087 | BF5: =#REF! -> #REF! | BG5: =#REF! -> #REF! | BH5: =#REF! -> #REF! | BI5: =#REF! -> #REF! | BJ5: =#REF! -> #REF! | BK5: =#REF! -> #REF! | BL5: =#REF! -> #REF! | BM5: =#REF! -> #REF! | ... CA5: =#REF! -> #REF! | CB5: =K5+V5+AG5+AR5+BC5+BN5+BY5 -> #REF! | CC5: =L5+W5+AH5+AS5+BD5+BO5+BZ5 -> #REF! | CD5: =AVERAGE(M5,X5,AI5,AT5,BE5,BP5,CA5) -> #REF!
A6: 3 | B6: Employee 3 | C6: =March!AH6 -> 26 | D6: =March!AI6 -> 0 | E6: =March!AJ6 -> 0 | F6: =March!AK6 -> 0 | G6: =March!AL6 -> 0 | H6: =March!AM6 -> 0 | I6: =March!AN6 -> 0 | J6: =March!AO6 -> 0 | ... M6: =March!AR6 -> 0 | N6: =April!AG6 -> 26 | O6: =April!AH6 -> 0 | P6: =April!AI6 -> 0 | Q6: =April!AJ6 -> 0 | R6: =April!AK6 -> 0 | S6: =April!AL6 -> 0 | T6: =April!AM6 -> 0 | U6: =April!AN6 -> 0 | ... X6: =April!AQ6 -> 0 | Y6: =#REF! -> #REF! | Z6: =#REF! -> #REF! | AA6: =#REF! -> #REF! | AB6: =#REF! -> #REF! | AC6: =#REF! -> #REF! | AD6: =#REF! -> #REF! | AE6: =#REF! -> #REF! | AF6: =#REF! -> #REF! | ... AI6: =#REF! -> #REF! | AJ6: =June!AG6 -> 22 | AK6: =June!AH6 -> 22 | AL6: =June!AI6 -> 0 | AM6: =June!AJ6 -> 0 | AN6: =June!AK6 -> 0 | AO6: =June!AL6 -> 0 | AP6: =June!AM6 -> 0 | AQ6: =June!AN6 -> 0 | ... AT6: =June!AQ6 -> 100 | AU6: =July!AH6 -> 23 | AV6: =July!AI6 -> 18 | AW6: =July!AJ6 -> 0 | AX6: =July!AK6 -> 0 | AY6: =July!AL6 -> 0 | AZ6: =July!AM6 -> 0 | BA6: =July!AN6 -> 0 | BB6: =July!AO6 -> 0 | ... BE6: =July!AR6 -> 78.26087 | BF6: =#REF! -> #REF! | BG6: =#REF! -> #REF! | BH6: =#REF! -> #REF! | BI6: =#REF! -> #REF! | BJ6: =#REF! -> #REF! | BK6: =#REF! -> #REF! | BL6: =#REF! -> #REF! | BM6: =#REF! -> #REF! | ... CA6: =#REF! -> #REF! | CB6: =K6+V6+AG6+AR6+BC6+BN6+BY6 -> #REF! | CC6: =L6+W6+AH6+AS6+BD6+BO6+BZ6 -> #REF! | CD6: =AVERAGE(M6,X6,AI6,AT6,BE6,BP6,CA6) -> #REF!

Sheet March
A1: EMPLOYEE ATTENDANCE SHEET — MARCH 2026
A2: Sr. | B2: Employee Name | C2: 1 | D2: 2 | E2: 3 | F2: 4 | G2: 5 | H2: 6 | I2: 7 | J2: 8 | K2: 9 | L2: 10 | M2: 11 | N2: 12 | O2: 13 | P2: 14 | Q2: 15 | R2: 16 | S2: 17 | T2: 18 | U2: 19 | V2: 20 | W2: 21 | X2: 22 | Y2: 23 | Z2: 24 | AA2: 25 | AB2: 26 | AC2: 27 | AD2: 28 | AE2: 29 | AF2: 30 | AG2: 31 | AH2: Working Days | AI2: Present (P) | AJ2: WFH | AK2: Half Day | AL2: EL | AM2: SL | AN2: CL | AO2: LOP Days | AP2: Paid Days | AQ2: Unpaid Days | AR2: Attend %
A3: # | B3: Name | C3: Sun | D3: Mon | E3: Tue | F3: Wed | G3: Thu | H3: Fri | I3: Sat | J3: Sun | K3: Mon | L3: Tue | M3: Wed | N3: Thu | O3: Fri | P3: Sat | Q3: Sun | R3: Mon | S3: Tue | T3: Wed | U3: Thu | V3: Fri | W3: Sat | X3: Sun | Y3: Mon | Z3: Tue | AA3: Wed | AB3: Thu | AC3: Fri | AD3: Sat | AE3: Sun | AF3: Mon | AG3: Tue
A4: 1 | B4: Employee 1 | C4: WO | J4: WO | Q4: WO | X4: WO | AE4: WO | AH4: =31-COUNTIF(C4:AG4,"WO")-COUNTIF(C4:AG4,"H") -> 26 | AI4: =COUNTIF(C4:AG4,"P") -> 0 | AJ4: =COUNTIF(C4:AG4,"WFH") -> 0 | AK4: =COUNTIF(C4:AG4,"HD") -> 0 | AL4: =COUNTIF(C4:AG4,"EL") -> 0 | AM4: =COUNTIF(C4:AG4,"SL") -> 0 | AN4: =COUNTIF(C4:AG4,"CL") -> 0 | AO4: =COUNTIF(C4:AG4,"LOP") -> 0 | AP4: =AI4+AJ4+AK4*0.5+AL4+AM4+AN4 -> 0 | AQ4: =AO4 -> 0 | AR4: =IFERROR(AP4/AH4*100,0) -> 0
A5: 2 | B5: Employee 2 | C5: WO | J5: WO | Q5: WO | X5: WO | AE5: WO | AH5: =31-COUNTIF(C5:AG5,"WO")-COUNTIF(C5:AG5,"H") -> 26 | AI5: =COUNTIF(C5:AG5,"P") -> 0 | AJ5: =COUNTIF(C5:AG5,"WFH") -> 0 | AK5: =COUNTIF(C5:AG5,"HD") -> 0 | AL5: =COUNTIF(C5:AG5,"EL") -> 0 | AM5: =COUNTIF(C5:AG5,"SL") -> 0 | AN5: =COUNTIF(C5:AG5,"CL") -> 0 | AO5: =COUNTIF(C5:AG5,"LOP") -> 0 | AP5: =AI5+AJ5+AK5*0.5+AL5+AM5+AN5 -> 0 | AQ5: =AO5 -> 0 | AR5: =IFERROR(AP5/AH5*100,0) -> 0
A6: 3 | B6: Employee 3 | C6: WO | J6: WO | Q6: WO | X6: WO | AE6: WO | AH6: =31-COUNTIF(C6:AG6,"WO")-COUNTIF(C6:AG6,"H") -> 26 | AI6: =COUNTIF(C6:AG6,"P") -> 0 | AJ6: =COUNTIF(C6:AG6,"WFH") -> 0 | AK6: =COUNTIF(C6:AG6,"HD") -> 0 | AL6: =COUNTIF(C6:AG6,"EL") -> 0 | AM6: =COUNTIF(C6:AG6,"SL") -> 0 | AN6: =COUNTIF(C6:AG6,"CL") -> 0 | AO6: =COUNTIF(C6:AG6,"LOP") -> 0 | AP6: =AI6+AJ6+AK6*0.5+AL6+AM6+AN6 -> 0 | AQ6: =AO6 -> 0 | AR6: =IFERROR(AP6/AH6*100,0) -> 0

Sheet April
A1: EMPLOYEE ATTENDANCE SHEET — APRIL 2026
A2: Sr. | B2: Employee Name | C2: 1 | D2: 2 | E2: 3 | F2: 4 | G2: 5 | H2: 6 | I2: 7 | J2: 8 | K2: 9 | L2: 10 | M2: 11 | N2: 12 | O2: 13 | P2: 14 | Q2: 15 | R2: 16 | S2: 17 | T2: 18 | U2: 19 | V2: 20 | W2: 21 | X2: 22 | Y2: 23 | Z2: 24 | AA2: 25 | AB2: 26 | AC2: 27 | AD2: 28 | AE2: 29 | AF2: 30 | AG2: Working Days | AH2: Present (P) | AI2: WFH | AJ2: Half Day | AK2: EL | AL2: SL | AM2: CL | AN2: LOP Days | AO2: Paid Days | AP2: Unpaid Days | AQ2: Attend %
A3: # | B3: Name | C3: Wed | D3: Thu | E3: Fri | F3: Sat | G3: Sun | H3: Mon | I3: Tue | J3: Wed | K3: Thu | L3: Fri | M3: Sat | N3: Sun | O3: Mon | P3: Tue | Q3: Wed | R3: Thu | S3: Fri | T3: Sat | U3: Sun | V3: Mon | W3: Tue | X3: Wed | Y3: Thu | Z3: Fri | AA3: Sat | AB3: Sun | AC3: Mon | AD3: Tue | AE3: Wed | AF3: Thu
A4: 1 | B4: Employee 1 | G4: WO | N4: WO | U4: WO | AB4: WO | AG4: =30-COUNTIF(C4:AF4,"WO")-COUNTIF(C4:AF4,"H") -> 26 | AH4: =COUNTIF(C4:AF4,"P") -> 0 | AI4: =COUNTIF(C4:AF4,"WFH") -> 0 | AJ4: =COUNTIF(C4:AF4,"HD") -> 0 | AK4: =COUNTIF(C4:AF4,"EL") -> 0 | AL4: =COUNTIF(C4:AF4,"SL") -> 0 | AM4: =COUNTIF(C4:AF4,"CL") -> 0 | AN4: =COUNTIF(C4:AF4,"LOP") -> 0 | AO4: =AH4+AI4+AJ4*0.5+AK4+AL4+AM4 -> 0 | AP4: =AN4 -> 0 | AQ4: =IFERROR(AO4/AG4*100,0) -> 0
A5: 2 | B5: Employee 2 | G5: WO | N5: WO | U5: WO | AB5: WO | AG5: =30-COUNTIF(C5:AF5,"WO")-COUNTIF(C5:AF5,"H") -> 26 | AH5: =COUNTIF(C5:AF5,"P") -> 0 | AI5: =COUNTIF(C5:AF5,"WFH") -> 0 | AJ5: =COUNTIF(C5:AF5,"HD") -> 0 | AK5: =COUNTIF(C5:AF5,"EL") -> 0 | AL5: =COUNTIF(C5:AF5,"SL") -> 0 | AM5: =COUNTIF(C5:AF5,"CL") -> 0 | AN5: =COUNTIF(C5:AF5,"LOP") -> 0 | AO5: =AH5+AI5+AJ5*0.5+AK5+AL5+AM5 -> 0 | AP5: =AN5 -> 0 | AQ5: =IFERROR(AO5/AG5*100,0) -> 0
A6: 3 | B6: Employee 3 | G6: WO | N6: WO | U6: WO | AB6: WO | AG6: =30-COUNTIF(C6:AF6,"WO")-COUNTIF(C6:AF6,"H") -> 26 | AH6: =COUNTIF(C6:AF6,"P") -> 0 | AI6: =COUNTIF(C6:AF6,"WFH") -> 0 | AJ6: =COUNTIF(C6:AF6,"HD") -> 0 | AK6: =COUNTIF(C6:AF6,"EL") -> 0 | AL6: =COUNTIF(C6:AF6,"SL") -> 0 | AM6: =COUNTIF(C6:AF6,"CL") -> 0 | AN6: =COUNTIF(C6:AF6,"LOP") -> 0 | AO6: =AH6+AI6+AJ6*0.5+AK6+AL6+AM6 -> 0 | AP6: =AN6 -> 0 | AQ6: =IFERROR(AO6/AG6*100,0) -> 0

Sheet June
A1: EMPLOYEE ATTENDANCE SHEET — JUNE 2026
A2: Sr. | B2: Employee Name | C2: 1 | D2: 2 | E2: 3 | F2: 4 | G2: 5 | H2: 6 | I2: 7 | J2: 8 | K2: 9 | L2: 10 | M2: 11 | N2: 12 | O2: 13 | P2: 14 | Q2: 15 | R2: 16 | S2: 17 | T2: 18 | U2: 19 | V2: 20 | W2: 21 | X2: 22 | Y2: 23 | Z2: 24 | AA2: 25 | AB2: 26 | AC2: 27 | AD2: 28 | AE2: 29 | AF2: 30 | AG2: Working Days | AH2: Present (P) | AI2: WFH | AJ2: Half Day | AK2: EL | AL2: SL | AM2: CL | AN2: LOP Days | AO2: Paid Days | AP2: Unpaid Days | AQ2: Attend %
A3: # | B3: Name | C3: Mon | D3: Tue | E3: Wed | F3: Thu | G3: Fri | H3: Sat | I3: Sun | J3: Mon | K3: Tue | L3: Wed | M3: Thu | N3: Fri | O3: Sat | P3: Sun | Q3: Mon | R3: Tue | S3: Wed | T3: Thu | U3: Fri | V3: Sat | W3: Sun | X3: Mon | Y3: Tue | Z3: Wed | AA3: Thu | AB3: Fri | AC3: Sat | AD3: Sun | AE3: Mon | AF3: Tue
A4: 1 | B4: Settybathini Sathish | C4: P | D4: P | E4: P | F4: P | G4: P | H4: WO | I4: WO | J4: P | K4: WFH | L4: P | M4: P | N4: P | O4: WO | P4: WO | Q4: P | R4: P | S4: P | T4: P | U4: P | V4: WO | W4: WO | X4: P | Y4: P | Z4: P | AA4: P | AB4: P | AC4: WO | AD4: WO | AE4: P | AF4: P | AG4: =30-COUNTIF(C4:AF4,"WO")-COUNTIF(C4:AF4,"H") -> 22 | AH4: =COUNTIF(C4:AF4,"P") -> 21 | AI4: =COUNTIF(C4:AF4,"WFH") -> 1 | AJ4: =COUNTIF(C4:AF4,"HD") -> 0 | AK4: =COUNTIF(C4:AF4,"EL") -> 0 | AL4: =COUNTIF(C4:AF4,"SL") -> 0 | AM4: =COUNTIF(C4:AF4,"CL") -> 0 | AN4: =COUNTIF(C4:AF4,"LOP") -> 0 | AO4: =AH4+AI4+AJ4*0.5+AK4+AL4+AM4 -> 22 | AP4: =AN4 -> 0 | AQ4: =IFERROR(AO4/AG4*100,0) -> 100
A5: 2 | B5: Sharath | C5: P | D5: P | E5: P | F5: P | G5: P | H5: WO | I5: WO | J5: P | K5: P | L5: P | M5: P | N5: P | O5: WO | P5: WO | Q5: P | R5: P | S5: P | T5: P | U5: P | V5: WO | W5: WO | X5: P | Y5: P | Z5: P | AA5: P | AB5: P | AC5: WO | AD5: WO | AE5: P | AF5: P | AG5: =30-COUNTIF(C5:AF5,"WO")-COUNTIF(C5:AF5,"H") -> 22 | AH5: =COUNTIF(C5:AF5,"P") -> 22 | AI5: =COUNTIF(C5:AF5,"WFH") -> 0 | AJ5: =COUNTIF(C5:AF5,"HD") -> 0 | AK5: =COUNTIF(C5:AF5,"EL") -> 0 | AL5: =COUNTIF(C5:AF5,"SL") -> 0 | AM5: =COUNTIF(C5:AF5,"CL") -> 0 | AN5: =COUNTIF(C5:AF5,"LOP") -> 0 | AO5: =AH5+AI5+AJ5*0.5+AK5+AL5+AM5 -> 22 | AP5: =AN5 -> 0 | AQ5: =IFERROR(AO5/AG5*100,0) -> 100
A6: 3 | B6: Vemula Varshith Kumar | C6: P | D6: P | E6: P | F6: P | G6: P | H6: WO | I6: WO | J6: P | K6: P | L6: P | M6: P | N6: P | O6: WO | P6: WO | Q6: P | R6: P | S6: P | T6: P | U6: P | V6: WO | W6: WO | X6: P | Y6: P | Z6: P | AA6: P | AB6: P | AC6: WO | AD6: WO | AE6: P | AF6: P | AG6: =30-COUNTIF(C6:AF6,"WO")-COUNTIF(C6:AF6,"H") -> 22 | AH6: =COUNTIF(C6:AF6,"P") -> 22 | AI6: =COUNTIF(C6:AF6,"WFH") -> 0 | AJ6: =COUNTIF(C6:AF6,"HD") -> 0 | AK6: =COUNTIF(C6:AF6,"EL") -> 0 | AL6: =COUNTIF(C6:AF6,"SL") -> 0 | AM6: =COUNTIF(C6:AF6,"CL") -> 0 | AN6: =COUNTIF(C6:AF6,"LOP") -> 0 | AO6: =AH6+AI6+AJ6*0.5+AK6+AL6+AM6 -> 22 | AP6: =AN6 -> 0 | AQ6: =IFERROR(AO6/AG6*100,0) -> 100
A7: 4 | B7: Karne Narsimha Reddy | C7: P | D7: P | E7: P | F7: P | G7: P | H7: WO | I7: WO | J7: P | K7: LOP | L7: P | M7: P | N7: P | O7: WO | P7: WO | Q7: P | R7: P | S7: P | T7: P | U7: P | V7: WO | W7: WO | X7: P | Y7: P | Z7: P | AA7: P | AB7: P | AC7: WO | AD7: WO | AE7: P | AF7: P | AG7: =30-COUNTIF(C7:AF7,"WO")-COUNTIF(C7:AF7,"H") -> 22 | AH7: =COUNTIF(C7:AF7,"P") -> 21 | AI7: =COUNTIF(C7:AF7,"WFH") -> 0 | AJ7: =COUNTIF(C7:AF7,"HD") -> 0 | AK7: =COUNTIF(C7:AF7,"EL") -> 0 | AL7: =COUNTIF(C7:AF7,"SL") -> 0 | AM7: =COUNTIF(C7:AF7,"CL") -> 0 | AN7: =COUNTIF(C7:AF7,"LOP") -> 1 | AO7: =AH7+AI7+AJ7*0.5+AK7+AL7+AM7 -> 21 | AP7: =AN7 -> 1 | AQ7: =IFERROR(AO7/AG7*100,0) -> 95.454545
A8: 5 | B8: Kontham Sushma | C8: P | D8: P | E8: P | F8: P | G8: P | H8: WO | I8: WO | J8: P | K8: P | L8: P | M8: P | N8: P | O8: WO | P8: WO | Q8: P | R8: P | S8: P | T8: P | U8: P | V8: WO | W8: WO | X8: P | Y8: P | Z8: P | AA8: P | AB8: P | AC8: WO | AD8: WO | AE8: P | AF8: P | AG8: =30-COUNTIF(C8:AF8,"WO")-COUNTIF(C8:AF8,"H") -> 22 | AH8: =COUNTIF(C8:AF8,"P") -> 22 | AI8: =COUNTIF(C8:AF8,"WFH") -> 0 | AJ8: =COUNTIF(C8:AF8,"HD") -> 0 | AK8: =COUNTIF(C8:AF8,"EL") -> 0 | AL8: =COUNTIF(C8:AF8,"SL") -> 0 | AM8: =COUNTIF(C8:AF8,"CL") -> 0 | AN8: =COUNTIF(C8:AF8,"LOP") -> 0 | AO8: =AH8+AI8+AJ8*0.5+AK8+AL8+AM8 -> 22 | AP8: =AN8 -> 0 | AQ8: =IFERROR(AO8/AG8*100,0) -> 100
A9: 6 | B9: Mula Sai Preetham Goud | C9: P | D9: P | E9: P | F9: P | G9: P | H9: WO | I9: WO | J9: P | K9: P | L9: P | M9: P | N9: P | O9: WO | P9: WO | Q9: P | R9: P | S9: P | T9: P | U9: P | V9: WO | W9: WO | X9: P | Y9: P | Z9: P | AA9: P | AB9: P | AC9: WO | AD9: WO | AE9: P | AF9: P | AG9: =30-COUNTIF(C9:AF9,"WO")-COUNTIF(C9:AF9,"H") -> 22 | AH9: =COUNTIF(C9:AF9,"P") -> 22 | AI9: =COUNTIF(C9:AF9,"WFH") -> 0 | AJ9: =COUNTIF(C9:AF9,"HD") -> 0 | AK9: =COUNTIF(C9:AF9,"EL") -> 0 | AL9: =COUNTIF(C9:AF9,"SL") -> 0 | AM9: =COUNTIF(C9:AF9,"CL") -> 0 | AN9: =COUNTIF(C9:AF9,"LOP") -> 0 | AO9: =AH9+AI9+AJ9*0.5+AK9+AL9+AM9 -> 22 | AP9: =AN9 -> 0 | AQ9: =IFERROR(AO9/AG9*100,0) -> 100
A10: 7 | B10: Sripada Shivakumar | C10: P | D10: P | E10: P | F10: P | G10: P | H10: WO | I10: WO | J10: P | K10: P | L10: P | M10: P | N10: P | O10: WO | P10: WO | Q10: P | R10: P | S10: WFH | T10: LOP | U10: WFH | V10: WO | W10: WO | X10: P | Y10: P | Z10: P | AA10: P | AB10: P | AC10: WO | AD10: WO | AE10: P | AF10: P | AG10: =30-COUNTIF(C10:AF10,"WO")-COUNTIF(C10:AF10,"H") -> 22 | AH10: =COUNTIF(C10:AF10,"P") -> 19 | AI10: =COUNTIF(C10:AF10,"WFH") -> 2 | AJ10: =COUNTIF(C10:AF10,"HD") -> 0 | AK10: =COUNTIF(C10:AF10,"EL") -> 0 | AL10: =COUNTIF(C10:AF10,"SL") -> 0 | AM10: =COUNTIF(C10:AF10,"CL") -> 0 | AN10: =COUNTIF(C10:AF10,"LOP") -> 1 | AO10: =AH10+AI10+AJ10*0.5+AK10+AL10+AM10 -> 21 | AP10: =AN10 -> 1 | AQ10: =IFERROR(AO10/AG10*100,0) -> 95.454545
A11: 8 | B11: Sruthin Kumar Basa | C11: P | D11: P | E11: P | F11: P | G11: P | H11: WO | I11: WO | J11: P | K11: P | L11: P | M11: P | N11: P | O11: WO | P11: WO | Q11: P | R11: P | S11: P | T11: P | U11: P | V11: WO | W11: WO | X11: P | Y11: P | Z11: P | AA11: P | AB11: P | AC11: WO | AD11: WO | AE11: P | AF11: P | AG11: =30-COUNTIF(C11:AF11,"WO")-COUNTIF(C11:AF11,"H") -> 22 | AH11: =COUNTIF(C11:AF11,"P") -> 22 | AI11: =COUNTIF(C11:AF11,"WFH") -> 0 | AJ11: =COUNTIF(C11:AF11,"HD") -> 0 | AK11: =COUNTIF(C11:AF11,"EL") -> 0 | AL11: =COUNTIF(C11:AF11,"SL") -> 0 | AM11: =COUNTIF(C11:AF11,"CL") -> 0 | AN11: =COUNTIF(C11:AF11,"LOP") -> 0 | AO11: =AH11+AI11+AJ11*0.5+AK11+AL11+AM11 -> 22 | AP11: =AN11 -> 0 | AQ11: =IFERROR(AO11/AG11*100,0) -> 100
A12: 10 | B12: Vulli Pavan | C12: P | D12: P | E12: P | F12: P | G12: P | H12: WO | I12: WO | J12: P | K12: P | L12: P | M12: P | N12: P | O12: WO | P12: WO | Q12: P | R12: P | S12: P | V12: WO | W12: WO | X12: P | Y12: P | Z12: P | AA12: P | AB12: P | AC12: WO | AD12: WO | AE12: P | AF12: P | AG12: =30-COUNTIF(C12:AF12,"WO")-COUNTIF(C12:AF12,"H") -> 22 | AH12: =COUNTIF(C12:AF12,"P") -> 20 | AI12: =COUNTIF(C12:AF12,"WFH") -> 0 | AJ12: =COUNTIF(C12:AF12,"HD") -> 0 | AK12: =COUNTIF(C12:AF12,"EL") -> 0 | AL12: =COUNTIF(C12:AF12,"SL") -> 0 | AM12: =COUNTIF(C12:AF12,"CL") -> 0 | AN12: =COUNTIF(C12:AF12,"LOP") -> 0 | AO12: =AH12+AI12+AJ12*0.5+AK12+AL12+AM12 -> 20 | AP12: =AN12 -> 0 | AQ12: =IFERROR(AO12/AG12*100,0) -> 90.909091
A13: 11 | B13: Varakantham Surender Reddy | C13: P | D13: P | E13: P | F13: P | G13: P | H13: WO | I13: WO | J13: P | K13: P | L13: P | M13: P | N13: P | O13: WO | P13: WO | Q13: P | R13: P | S13: A | T13: A | U13: A | V13: WO | W13: WO | X13: P | Y13: P | Z13: P | AA13: P | AB13: P | AC13: WO | AD13: WO | AE13: P | AF13: P | AG13: =30-COUNTIF(C13:AF13,"WO")-COUNTIF(C13:AF13,"H") -> 22 | AH13: =COUNTIF(C13:AF13,"P") -> 19 | AI13: =COUNTIF(C13:AF13,"WFH") -> 0 | AJ13: =COUNTIF(C13:AF13,"HD") -> 0 | AK13: =COUNTIF(C13:AF13,"EL") -> 0 | AL13: =COUNTIF(C13:AF13,"SL") -> 0 | AM13: =COUNTIF(C13:AF13,"CL") -> 0 | AN13: =COUNTIF(C13:AF13,"LOP") -> 0 | AO13: =AH13+AI13+AJ13*0.5+AK13+AL13+AM13 -> 19 | AP13: =AN13 -> 0 | AQ13: =IFERROR(AO13/AG13*100,0) -> 86.363636
A14: 12 | B14: Abhijeet Vijaysingh Pardeshi | C14: P | D14: P | E14: P | F14: P | G14: P | H14: WO | I14: WO | J14: P | K14: P | L14: P | M14: P | N14: P | O14: WO | P14: WO | Q14: P | R14: P | S14: A | T14: A | U14: A | V14: WO | W14: WO | X14: A | Y14: A | Z14: A | AA14: A | AB14: A | AC14: WO | AD14: WO | AE14: A | AF14: A | AG14: =30-COUNTIF(C14:AF14,"WO")-COUNTIF(C14:AF14,"H") -> 22 | AH14: =COUNTIF(C14:AF14,"P") -> 12 | AI14: =COUNTIF(C14:AF14,"WFH") -> 0 | AJ14: =COUNTIF(C14:AF14,"HD") -> 0 | AK14: =COUNTIF(C14:AF14,"EL") -> 0 | AL14: =COUNTIF(C14:AF14,"SL") -> 0 | AM14: =COUNTIF(C14:AF14,"CL") -> 0 | AN14: =COUNTIF(C14:AF14,"LOP") -> 0 | AO14: =AH14+AI14+AJ14*0.5+AK14+AL14+AM14 -> 12 | AP14: =AN14 -> 0 | AQ14: =IFERROR(AO14/AG14*100,0) -> 54.545455 | AR14: Exit
A15: 13 | B15: Siddula Hemasai | C15: P | D15: P | E15: P | F15: P | G15: P | H15: WO | I15: WO | J15: P | K15: P | L15: P | M15: P | N15: P | O15: WO | P15: WO | Q15: WFH | R15: P | S15: P | T15: P | U15: P | V15: WO | W15: WO | X15: P | Y15: WFH | Z15: LOP | AA15: P | AB15: P | AC15: WO | AD15: WO | AE15: P | AF15: P | AG15: =30-COUNTIF(C15:AF15,"WO")-COUNTIF(C15:AF15,"H") -> 22 | AH15: =COUNTIF(C15:AF15,"P") -> 19 | AI15: =COUNTIF(C15:AF15,"WFH") -> 2 | AJ15: =COUNTIF(C15:AF15,"HD") -> 0 | AK15: =COUNTIF(C15:AF15,"EL") -> 0 | AL15: =COUNTIF(C15:AF15,"SL") -> 0 | AM15: =COUNTIF(C15:AF15,"CL") -> 0 | AN15: =COUNTIF(C15:AF15,"LOP") -> 1 | AO15: =AH15+AI15+AJ15*0.5+AK15+AL15+AM15 -> 21 | AP15: =AN15 -> 1 | AQ15: =IFERROR(AO15/AG15*100,0) -> 95.454545
A16: 14 | B16: Mohammed Moid | C16: P | D16: P | E16: P | F16: P | G16: P | H16: WO | I16: WO | J16: P | K16: P | L16: P | M16: WFH | N16: P | O16: WO | P16: WO | Q16: P | R16: P | S16: P | T16: P | U16: P | V16: WO | W16: WO | X16: P | Y16: P | Z16: P | AA16: P | AB16: P | AC16: WO | AD16: WO | AE16: P | AF16: P | AG16: =30-COUNTIF(C16:AF16,"WO")-COUNTIF(C16:AF16,"H") -> 22 | AH16: =COUNTIF(C16:AF16,"P") -> 21 | AI16: =COUNTIF(C16:AF16,"WFH") -> 1 | AJ16: =COUNTIF(C16:AF16,"HD") -> 0 | AK16: =COUNTIF(C16:AF16,"EL") -> 0 | AL16: =COUNTIF(C16:AF16,"SL") -> 0 | AM16: =COUNTIF(C16:AF16,"CL") -> 0 | AN16: =COUNTIF(C16:AF16,"LOP") -> 0 | AO16: =AH16+AI16+AJ16*0.5+AK16+AL16+AM16 -> 22 | AP16: =AN16 -> 0 | AQ16: =IFERROR(AO16/AG16*100,0) -> 100
A17: 15 | B17: Surampudi Roop Sai | C17: P | D17: P | E17: P | F17: P | G17: P | H17: WO | I17: WO | J17: P | K17: P | L17: P | M17: P | N17: P | O17: WO | P17: WO | Q17: P | R17: P | S17: P | T17: P | U17: P | V17: WO | W17: WO | X17: P | Y17: P | Z17: P | AA17: P | AB17: P | AC17: WO | AD17: WO | AE17: P | AF17: P | AG17: =30-COUNTIF(C17:AF17,"WO")-COUNTIF(C17:AF17,"H") -> 22 | AH17: =COUNTIF(C17:AF17,"P") -> 22 | AI17: =COUNTIF(C17:AF17,"WFH") -> 0 | AJ17: =COUNTIF(C17:AF17,"HD") -> 0 | AK17: =COUNTIF(C17:AF17,"EL") -> 0 | AL17: =COUNTIF(C17:AF17,"SL") -> 0 | AM17: =COUNTIF(C17:AF17,"CL") -> 0 | AN17: =COUNTIF(C17:AF17,"LOP") -> 0 | AO17: =AH17+AI17+AJ17*0.5+AK17+AL17+AM17 -> 22 | AP17: =AN17 -> 0 | AQ17: =IFERROR(AO17/AG17*100,0) -> 100
A18: 16 | B18: Janardhan Tanakala | C18: P | D18: P | E18: P | F18: P | G18: P | H18: WO | I18: WO | J18: P | K18: P | L18: P | M18: P | N18: P | O18: WO | P18: WO | Q18: P | R18: P | S18: P | T18: P | U18: P | V18: WO | W18: WO | X18: P | Y18: P | Z18: P | AA18: P | AB18: P | AC18: WO | AD18: WO | AE18: P | AF18: P | AG18: =30-COUNTIF(C18:AF18,"WO")-COUNTIF(C18:AF18,"H") -> 22 | AH18: =COUNTIF(C18:AF18,"P") -> 22 | AI18: =COUNTIF(C18:AF18,"WFH") -> 0 | AJ18: =COUNTIF(C18:AF18,"HD") -> 0 | AK18: =COUNTIF(C18:AF18,"EL") -> 0 | AL18: =COUNTIF(C18:AF18,"SL") -> 0 | AM18: =COUNTIF(C18:AF18,"CL") -> 0 | AN18: =COUNTIF(C18:AF18,"LOP") -> 0 | AO18: =AH18+AI18+AJ18*0.5+AK18+AL18+AM18 -> 22 | AP18: =AN18 -> 0 | AQ18: =IFERROR(AO18/AG18*100,0) -> 100
A19: 17 | B19: Priyadarshini Pola | C19: P | D19: P | E19: P | F19: P | G19: P | H19: WO | I19: WO | J19: P | K19: P | L19: P | M19: P | N19: P | O19: WO | P19: WO | Q19: P | R19: P | S19: P | T19: WFH | U19: P | V19: WO | W19: WO | X19: P | Y19: P | Z19: A | AA19: P | AB19: P | AC19: WO | AD19: WO | AE19: P | AF19: P | AG19: =30-COUNTIF(C19:AF19,"WO")-COUNTIF(C19:AF19,"H") -> 22 | AH19: =COUNTIF(C19:AF19,"P") -> 20 | AI19: =COUNTIF(C19:AF19,"WFH") -> 1 | AJ19: =COUNTIF(C19:AF19,"HD") -> 0 | AK19: =COUNTIF(C19:AF19,"EL") -> 0 | AL19: =COUNTIF(C19:AF19,"SL") -> 0 | AM19: =COUNTIF(C19:AF19,"CL") -> 0 | AN19: =COUNTIF(C19:AF19,"LOP") -> 0 | AO19: =AH19+AI19+AJ19*0.5+AK19+AL19+AM19 -> 21 | AP19: =AN19 -> 0 | AQ19: =IFERROR(AO19/AG19*100,0) -> 95.454545
A20: 18 | B20: Vavilla Saikumar | C20: P | D20: P | E20: P | F20: P | G20: P | H20: WO | I20: WO | J20: P | K20: P | L20: P | M20: P | N20: P | O20: WO | P20: WO | Q20: P | R20: P | S20: P | T20: P | U20: P | V20: WO | W20: WO | X20: P | Y20: P | Z20: P | AA20: P | AB20: P | AC20: WO | AD20: WO | AE20: P | AF20: P | AG20: =30-COUNTIF(C20:AF20,"WO")-COUNTIF(C20:AF20,"H") -> 22 | AH20: =COUNTIF(C20:AF20,"P") -> 22 | AI20: =COUNTIF(C20:AF20,"WFH") -> 0 | AJ20: =COUNTIF(C20:AF20,"HD") -> 0 | AK20: =COUNTIF(C20:AF20,"EL") -> 0 | AL20: =COUNTIF(C20:AF20,"SL") -> 0 | AM20: =COUNTIF(C20:AF20,"CL") -> 0 | AN20: =COUNTIF(C20:AF20,"LOP") -> 0 | AO20: =AH20+AI20+AJ20*0.5+AK20+AL20+AM20 -> 22 | AP20: =AN20 -> 0 | AQ20: =IFERROR(AO20/AG20*100,0) -> 100
A21: 19 | B21: Manisha Virkar | C21: P | D21: P | E21: P | F21: P | G21: P | H21: WO | I21: WO | J21: P | K21: P | L21: P | M21: P | N21: P | O21: WO | P21: WO | Q21: P | R21: P | S21: P | T21: P | U21: P | V21: WO | W21: WO | X21: P | Y21: P | Z21: P | AA21: P | AB21: P | AC21: WO | AD21: WO | AE21: P | AF21: P | AG21: =30-COUNTIF(C21:AF21,"WO")-COUNTIF(C21:AF21,"H") -> 22 | AH21: =COUNTIF(C21:AF21,"P") -> 22 | AI21: =COUNTIF(C21:AF21,"WFH") -> 0 | AJ21: =COUNTIF(C21:AF21,"HD") -> 0 | AK21: =COUNTIF(C21:AF21,"EL") -> 0 | AL21: =COUNTIF(C21:AF21,"SL") -> 0 | AM21: =COUNTIF(C21:AF21,"CL") -> 0 | AN21: =COUNTIF(C21:AF21,"LOP") -> 0 | AO21: =AH21+AI21+AJ21*0.5+AK21+AL21+AM21 -> 22 | AP21: =AN21 -> 0 | AQ21: =IFERROR(AO21/AG21*100,0) -> 100
A22: 20 | B22: Nelapatla Srinivas | C22: P | D22: P | E22: P | F22: P | G22: P | H22: WO | I22: WO | J22: P | K22: P | L22: P | M22: P | N22: P | O22: WO | P22: WO | Q22: WFH | R22: WFH | S22: P | T22: P | U22: P | V22: WO | W22: WO | X22: P | Y22: P | Z22: P | AA22: P | AB22: P | AC22: WO | AD22: WO | AE22: P | AF22: P | AG22: =30-COUNTIF(C22:AF22,"WO")-COUNTIF(C22:AF22,"H") -> 22 | AH22: =COUNTIF(C22:AF22,"P") -> 20 | AI22: =COUNTIF(C22:AF22,"WFH") -> 2 | AJ22: =COUNTIF(C22:AF22,"HD") -> 0 | AK22: =COUNTIF(C22:AF22,"EL") -> 0 | AL22: =COUNTIF(C22:AF22,"SL") -> 0 | AM22: =COUNTIF(C22:AF22,"CL") -> 0 | AN22: =COUNTIF(C22:AF22,"LOP") -> 0 | AO22: =AH22+AI22+AJ22*0.5+AK22+AL22+AM22 -> 22 | AP22: =AN22 -> 0 | AQ22: =IFERROR(AO22/AG22*100,0) -> 100
A23: 21 | B23: Kalepu Vijay Kumar | C23: P | D23: P | E23: P | F23: P | G23: P | H23: WO | I23: WO | J23: P | K23: P | L23: P | M23: P | N23: P | O23: WO | P23: WO | Q23: P | R23: P | S23: P | T23: P | U23: P | V23: WO | W23: WO | X23: P | Y23: P | Z23: P | AA23: P | AB23: P | AC23: WO | AD23: WO | AE23: P | AF23: P | AG23: =30-COUNTIF(C23:AF23,"WO")-COUNTIF(C23:AF23,"H") -> 22 | AH23: =COUNTIF(C23:AF23,"P") -> 22 | AI23: =COUNTIF(C23:AF23,"WFH") -> 0 | AJ23: =COUNTIF(C23:AF23,"HD") -> 0 | AK23: =COUNTIF(C23:AF23,"EL") -> 0 | AL23: =COUNTIF(C23:AF23,"SL") -> 0 | AM23: =COUNTIF(C23:AF23,"CL") -> 0 | AN23: =COUNTIF(C23:AF23,"LOP") -> 0 | AO23: =AH23+AI23+AJ23*0.5+AK23+AL23+AM23 -> 22 | AP23: =AN23 -> 0 | AQ23: =IFERROR(AO23/AG23*100,0) -> 100
A24: 22 | B24: Bobbarala Varshini | C24: P | D24: P | E24: P | F24: P | G24: P | H24: WO | I24: WO | J24: P | K24: P | L24: P | M24: P | N24: P | O24: WO | P24: WO | Q24: P | R24: P | S24: P | T24: P | U24: P | V24: WO | W24: WO | X24: P | Y24: P | Z24: P | AA24: P | AB24: P | AC24: WO | AD24: WO | AE24: P | AF24: P | AG24: =30-COUNTIF(C24:AF24,"WO")-COUNTIF(C24:AF24,"H") -> 22 | AH24: =COUNTIF(C24:AF24,"P") -> 22 | AI24: =COUNTIF(C24:AF24,"WFH") -> 0 | AJ24: =COUNTIF(C24:AF24,"HD") -> 0 | AK24: =COUNTIF(C24:AF24,"EL") -> 0 | AL24: =COUNTIF(C24:AF24,"SL") -> 0 | AM24: =COUNTIF(C24:AF24,"CL") -> 0 | AN24: =COUNTIF(C24:AF24,"LOP") -> 0 | AO24: =AH24+AI24+AJ24*0.5+AK24+AL24+AM24 -> 22 | AP24: =AN24 -> 0 | AQ24: =IFERROR(AO24/AG24*100,0) -> 100
A25: 23 | B25: Vempadapu Uday Sai Tarun | C25: P | D25: P | E25: P | F25: P | G25: P | H25: WO | I25: WO | J25: P | K25: P | L25: P | M25: P | N25: P | O25: WO | P25: WO | Q25: P | R25: P | S25: P | T25: P | U25: P | V25: WO | W25: WO | X25: P | Y25: P | Z25: P | AA25: P | AB25: P | AC25: WO | AD25: WO | AE25: P | AF25: P | AG25: =30-COUNTIF(C25:AF25,"WO")-COUNTIF(C25:AF25,"H") -> 22 | AH25: =COUNTIF(C25:AF25,"P") -> 22 | AI25: =COUNTIF(C25:AF25,"WFH") -> 0 | AJ25: =COUNTIF(C25:AF25,"HD") -> 0 | AK25: =COUNTIF(C25:AF25,"EL") -> 0 | AL25: =COUNTIF(C25:AF25,"SL") -> 0 | AM25: =COUNTIF(C25:AF25,"CL") -> 0 | AN25: =COUNTIF(C25:AF25,"LOP") -> 0 | AO25: =AH25+AI25+AJ25*0.5+AK25+AL25+AM25 -> 22 | AP25: =AN25 -> 0 | AQ25: =IFERROR(AO25/AG25*100,0) -> 100
A26: 24 | B26: Ainala Saiesha | C26: P | D26: P | E26: P | F26: P | G26: P | H26: WO | I26: WO | J26: LOP | K26: LOP | L26: LOP | M26: P | N26: P | O26: WO | P26: WO | Q26: P | R26: P | S26: P | T26: P | U26: P | V26: WO | W26: WO | X26: P | Y26: P | Z26: P | AA26: P | AB26: P | AC26: WO | AD26: WO | AE26: P | AF26: P | AG26: =30-COUNTIF(C26:AF26,"WO")-COUNTIF(C26:AF26,"H") -> 22 | AH26: =COUNTIF(C26:AF26,"P") -> 19 | AI26: =COUNTIF(C26:AF26,"WFH") -> 0 | AJ26: =COUNTIF(C26:AF26,"HD") -> 0 | AK26: =COUNTIF(C26:AF26,"EL") -> 0 | AL26: =COUNTIF(C26:AF26,"SL") -> 0 | AM26: =COUNTIF(C26:AF26,"CL") -> 0 | AN26: =COUNTIF(C26:AF26,"LOP") -> 3 | AO26: =AH26+AI26+AJ26*0.5+AK26+AL26+AM26 -> 19 | AP26: =AN26 -> 3 | AQ26: =IFERROR(AO26/AG26*100,0) -> 86.363636
... A71: 69 | B71: Tepala Rajukumar | C71: P | D71: P | E71: P | F71: P | G71: P | H71: WO | I71: WO | J71: A | K71: P | L71: WFH | M71: WFH | N71: P | O71: WO | P71: WO | Q71: P | R71: P | S71: P | T71: P | U71: P | V71: WO | W71: WO | X71: WFH | Y71: P | Z71: WFH | AA71: P | AB71: WFH | AC71: WO | AD71: WO | AE71: P | AF71: P | AG71: =30-COUNTIF(C71:AF71,"WO")-COUNTIF(C71:AF71,"H") -> 22 | AH71: =COUNTIF(C71:AF71,"P") -> 16 | AI71: =COUNTIF(C71:AF71,"WFH") -> 5 | AJ71: =COUNTIF(C71:AF71,"HD") -> 0 | AK71: =COUNTIF(C71:AF71,"EL") -> 0 | AL71: =COUNTIF(C71:AF71,"SL") -> 0 | AM71: =COUNTIF(C71:AF71,"CL") -> 0 | AN71: =COUNTIF(C71:AF71,"LOP") -> 0 | AO71: =AH71+AI71+AJ71*0.5+AK71+AL71+AM71 -> 21 | AP71: =AN71 -> 0 | AQ71: =IFERROR(AO71/AG71*100,0) -> 95.454545
A72: 70 | B72: Gayathri K | C72: P | D72: P | E72: P | F72: P | G72: P | H72: WO | I72: WO | J72: A | K72: P | L72: P | M72: P | N72: P | O72: WO | P72: WO | Q72: P | R72: P | S72: P | T72: P | U72: P | V72: P | W72: WO | X72: LOP | Y72: LOP | Z72: LOP | AA72: LOP | AB72: LOP | AC72: WO | AD72: WO | AE72: LOP | AF72: LOP | AG72: =30-COUNTIF(C72:AF72,"WO")-COUNTIF(C72:AF72,"H") -> 23 | AH72: =COUNTIF(C72:AF72,"P") -> 15 | AI72: =COUNTIF(C72:AF72,"WFH") -> 0 | AJ72: =COUNTIF(C72:AF72,"HD") -> 0 | AK72: =COUNTIF(C72:AF72,"EL") -> 0 | AL72: =COUNTIF(C72:AF72,"SL") -> 0 | AM72: =COUNTIF(C72:AF72,"CL") -> 0 | AN72: =COUNTIF(C72:AF72,"LOP") -> 7 | AO72: =AH72+AI72+AJ72*0.5+AK72+AL72+AM72 -> 15 | AP72: =AN72 -> 7 | AQ72: =IFERROR(AO72/AG72*100,0) -> 65.217391 | AR72: Exit
A73: 71 | B73: Aishwarya M | C73: P | D73: P | E73: P | F73: P | G73: P | H73: WO | I73: WO | J73: P | K73: P | L73: P | M73: P | N73: P | O73: WO | P73: WO | Q73: P | R73: P | S73: P | T73: P | U73: P | V73: WO | W73: WO | X73: P | Y73: P | Z73: P | AA73: P | AB73: P | AC73: WO | AD73: WO | AE73: P | AF73: P | AG73: =30-COUNTIF(C73:AF73,"WO")-COUNTIF(C73:AF73,"H") -> 22 | AH73: =COUNTIF(C73:AF73,"P") -> 22 | AI73: =COUNTIF(C73:AF73,"WFH") -> 0 | AJ73: =COUNTIF(C73:AF73,"HD") -> 0 | AK73: =COUNTIF(C73:AF73,"EL") -> 0 | AL73: =COUNTIF(C73:AF73,"SL") -> 0 | AM73: =COUNTIF(C73:AF73,"CL") -> 0 | AN73: =COUNTIF(C73:AF73,"LOP") -> 0 | AO73: =AH73+AI73+AJ73*0.5+AK73+AL73+AM73 -> 22 | AP73: =AN73 -> 0 | AQ73: =IFERROR(AO73/AG73*100,0) -> 100 | AR73: Done with Internship

Sheet July
A1: EMPLOYEE ATTENDANCE SHEET — JULY 2026
A2: Sr. | B2: Employee Name | C2: 1 | D2: 2 | E2: 3 | F2: 4 | G2: 5 | H2: 6 | I2: 7 | J2: 8 | K2: 9 | L2: 10 | M2: 11 | N2: 12 | O2: 13 | P2: 14 | Q2: 15 | R2: 16 | S2: 17 | T2: 18 | U2: 19 | V2: 20 | W2: 21 | X2: 22 | Y2: 23 | Z2: 24 | AA2: 25 | AB2: 26 | AC2: 27 | AD2: 28 | AE2: 29 | AF2: 30 | AG2: 31 | AH2: Working Days | AI2: Present (P) | AJ2: WFH | AK2: Half Day | AL2: EL | AM2: SL | AN2: CL | AO2: LOP Days | AP2: Paid Days | AQ2: Unpaid Days | AR2: Attend %
A3: # | B3: Name | C3: Wed | D3: Thu | E3: Fri | F3: Sat | G3: Sun | H3: Mon | I3: Tue | J3: Wed | K3: Thu | L3: Fri | M3: Sat | N3: Sun | O3: Mon | P3: Tue | Q3: Wed | R3: Thu | S3: Fri | T3: Sat | U3: Sun | V3: Mon | W3: Tue | X3: Wed | Y3: Thu | Z3: Fri | AA3: Sat | AB3: Sun | AC3: Mon | AD3: Tue | AE3: Wed | AF3: Thu | AG3: Fri
A4: 1 | B4: Settybathini Sathish | C4: P | D4: P | E4: P | F4: WO | G4: WO | H4: P | I4: P | J4: P | K4: P | L4: P | M4: WO | N4: WO | O4: P | P4: P | Q4: P | R4: P | S4: P | T4: WO | U4: WO | V4: P | W4: P | X4: P | Y4: P | Z4: P | AA4: WO | AB4: WO | AH4: =31-COUNTIF(C4:AG4,"WO")-COUNTIF(C4:AG4,"H") -> 23 | AI4: =COUNTIF(C4:AG4,"P") -> 18 | AJ4: =COUNTIF(C4:AG4,"WFH") -> 0 | AK4: =COUNTIF(C4:AG4,"HD") -> 0 | AL4: =COUNTIF(C4:AG4,"EL") -> 0 | AM4: =COUNTIF(C4:AG4,"SL") -> 0 | AN4: =COUNTIF(C4:AG4,"CL") -> 0 | AO4: =COUNTIF(C4:AG4,"LOP") -> 0 | AP4: =AI4+AJ4+AK4*0.5+AL4+AM4+AN4 -> 18 | AQ4: =AO4 -> 0 | AR4: =IFERROR(AP4/AH4*100,0) -> 78.26087
A5: 2 | B5: Sharath | C5: P | D5: P | E5: P | F5: WO | G5: WO | H5: P | I5: P | J5: P | K5: P | L5: P | M5: WO | N5: WO | O5: P | P5: P | Q5: P | R5: P | S5: P | T5: WO | U5: WO | V5: P | W5: P | X5: P | Y5: P | Z5: P | AA5: WO | AB5: WO | AH5: =31-COUNTIF(C5:AG5,"WO")-COUNTIF(C5:AG5,"H") -> 23 | AI5: =COUNTIF(C5:AG5,"P") -> 18 | AJ5: =COUNTIF(C5:AG5,"WFH") -> 0 | AK5: =COUNTIF(C5:AG5,"HD") -> 0 | AL5: =COUNTIF(C5:AG5,"EL") -> 0 | AM5: =COUNTIF(C5:AG5,"SL") -> 0 | AN5: =COUNTIF(C5:AG5,"CL") -> 0 | AO5: =COUNTIF(C5:AG5,"LOP") -> 0 | AP5: =AI5+AJ5+AK5*0.5+AL5+AM5+AN5 -> 18 | AQ5: =AO5 -> 0 | AR5: =IFERROR(AP5/AH5*100,0) -> 78.26087
A6: 3 | B6: Vemula Varshith Kumar | C6: P | D6: P | E6: P | F6: WO | G6: WO | H6: P | I6: P | J6: P | K6: P | L6: P | M6: WO | N6: WO | O6: P | P6: P | Q6: P | R6: P | S6: P | T6: WO | U6: WO | V6: P | W6: P | X6: P | Y6: P | Z6: P | AA6: WO | AB6: WO | AH6: =31-COUNTIF(C6:AG6,"WO")-COUNTIF(C6:AG6,"H") -> 23 | AI6: =COUNTIF(C6:AG6,"P") -> 18 | AJ6: =COUNTIF(C6:AG6,"WFH") -> 0 | AK6: =COUNTIF(C6:AG6,"HD") -> 0 | AL6: =COUNTIF(C6:AG6,"EL") -> 0 | AM6: =COUNTIF(C6:AG6,"SL") -> 0 | AN6: =COUNTIF(C6:AG6,"CL") -> 0 | AO6: =COUNTIF(C6:AG6,"LOP") -> 0 | AP6: =AI6+AJ6+AK6*0.5+AL6+AM6+AN6 -> 18 | AQ6: =AO6 -> 0 | AR6: =IFERROR(AP6/AH6*100,0) -> 78.26087
A7: 4 | B7: Karne Narsimha Reddy | C7: P | D7: P | E7: P | F7: WO | G7: WO | H7: P | I7: P | J7: P | K7: P | L7: P | M7: WO | N7: WO | O7: P | P7: P | Q7: P | R7: P | S7: P | T7: WO | U7: WO | V7: P | W7: P | X7: P | Y7: P | Z7: P | AA7: WO | AB7: WO | AH7: =31-COUNTIF(C7:AG7,"WO")-COUNTIF(C7:AG7,"H") -> 23 | AI7: =COUNTIF(C7:AG7,"P") -> 18 | AJ7: =COUNTIF(C7:AG7,"WFH") -> 0 | AK7: =COUNTIF(C7:AG7,"HD") -> 0 | AL7: =COUNTIF(C7:AG7,"EL") -> 0 | AM7: =COUNTIF(C7:AG7,"SL") -> 0 | AN7: =COUNTIF(C7:AG7,"CL") -> 0 | AO7: =COUNTIF(C7:AG7,"LOP") -> 0 | AP7: =AI7+AJ7+AK7*0.5+AL7+AM7+AN7 -> 18 | AQ7: =AO7 -> 0 | AR7: =IFERROR(AP7/AH7*100,0) -> 78.26087
A8: 5 | B8: Kontham Sushma | C8: P | D8: P | E8: P | F8: WO | G8: WO | H8: P | I8: P | J8: P | K8: P | L8: P | M8: WO | N8: WO | O8: P | P8: P | Q8: P | R8: P | S8: P | T8: WO | U8: WO | V8: P | W8: P | X8: P | Y8: P | Z8: P | AA8: WO | AB8: WO | AH8: =31-COUNTIF(C8:AG8,"WO")-COUNTIF(C8:AG8,"H") -> 23 | AI8: =COUNTIF(C8:AG8,"P") -> 18 | AJ8: =COUNTIF(C8:AG8,"WFH") -> 0 | AK8: =COUNTIF(C8:AG8,"HD") -> 0 | AL8: =COUNTIF(C8:AG8,"EL") -> 0 | AM8: =COUNTIF(C8:AG8,"SL") -> 0 | AN8: =COUNTIF(C8:AG8,"CL") -> 0 | AO8: =COUNTIF(C8:AG8,"LOP") -> 0 | AP8: =AI8+AJ8+AK8*0.5+AL8+AM8+AN8 -> 18 | AQ8: =AO8 -> 0 | AR8: =IFERROR(AP8/AH8*100,0) -> 78.26087
A9: 6 | B9: Mula Sai Preetham Goud | C9: P | D9: P | E9: P | F9: WO | G9: WO | H9: P | I9: P | J9: P | K9: P | L9: P | M9: WO | N9: WO | O9: P | P9: P | Q9: P | R9: P | S9: P | T9: WO | U9: WO | V9: P | W9: P | X9: P | Y9: P | Z9: P | AA9: WO | AB9: WO | AH9: =31-COUNTIF(C9:AG9,"WO")-COUNTIF(C9:AG9,"H") -> 23 | AI9: =COUNTIF(C9:AG9,"P") -> 18 | AJ9: =COUNTIF(C9:AG9,"WFH") -> 0 | AK9: =COUNTIF(C9:AG9,"HD") -> 0 | AL9: =COUNTIF(C9:AG9,"EL") -> 0 | AM9: =COUNTIF(C9:AG9,"SL") -> 0 | AN9: =COUNTIF(C9:AG9,"CL") -> 0 | AO9: =COUNTIF(C9:AG9,"LOP") -> 0 | AP9: =AI9+AJ9+AK9*0.5+AL9+AM9+AN9 -> 18 | AQ9: =AO9 -> 0 | AR9: =IFERROR(AP9/AH9*100,0) -> 78.26087
A10: 7 | B10: Sripada Shivakumar | C10: P | D10: P | E10: P | F10: WO | G10: WO | H10: LOP | I10: P | J10: P | K10: P | L10: P | M10: WO | N10: WO | O10: P | P10: P | Q10: P | R10: P | S10: P | T10: WO | U10: WO | V10: P | W10: P | X10: P | Y10: P | Z10: P | AA10: WO | AB10: WO | AH10: =31-COUNTIF(C10:AG10,"WO")-COUNTIF(C10:AG10,"H") -> 23 | AI10: =COUNTIF(C10:AG10,"P") -> 17 | AJ10: =COUNTIF(C10:AG10,"WFH") -> 0 | AK10: =COUNTIF(C10:AG10,"HD") -> 0 | AL10: =COUNTIF(C10:AG10,"EL") -> 0 | AM10: =COUNTIF(C10:AG10,"SL") -> 0 | AN10: =COUNTIF(C10:AG10,"CL") -> 0 | AO10: =COUNTIF(C10:AG10,"LOP") -> 1 | AP10: =AI10+AJ10+AK10*0.5+AL10+AM10+AN10 -> 17 | AQ10: =AO10 -> 1 | AR10: =IFERROR(AP10/AH10*100,0) -> 73.913043
A11: 8 | B11: Sruthin Kumar Basa | C11: P | D11: P | E11: P | F11: WO | G11: WO | H11: P | I11: P | J11: P | K11: P | L11: P | M11: WO | N11: WO | O11: P | P11: P | Q11: P | R11: P | S11: P | T11: WO | U11: WO | V11: P | W11: P | X11: P | Y11: P | Z11: P | AA11: WO | AB11: WO | AH11: =31-COUNTIF(C11:AG11,"WO")-COUNTIF(C11:AG11,"H") -> 23 | AI11: =COUNTIF(C11:AG11,"P") -> 18 | AJ11: =COUNTIF(C11:AG11,"WFH") -> 0 | AK11: =COUNTIF(C11:AG11,"HD") -> 0 | AL11: =COUNTIF(C11:AG11,"EL") -> 0 | AM11: =COUNTIF(C11:AG11,"SL") -> 0 | AN11: =COUNTIF(C11:AG11,"CL") -> 0 | AO11: =COUNTIF(C11:AG11,"LOP") -> 0 | AP11: =AI11+AJ11+AK11*0.5+AL11+AM11+AN11 -> 18 | AQ11: =AO11 -> 0 | AR11: =IFERROR(AP11/AH11*100,0) -> 78.26087
A12: 9 | B12: Vulli Pavan | C12: P | D12: P | E12: P | F12: WO | G12: WO | H12: P | I12: P | J12: P | K12: P | L12: P | M12: WO | N12: WO | O12: P | P12: P | Q12: P | R12: P | S12: P | T12: WO | U12: WO | V12: P | W12: P | X12: P | Y12: P | Z12: P | AA12: WO | AB12: WO | AH12: =31-COUNTIF(C12:AG12,"WO")-COUNTIF(C12:AG12,"H") -> 23 | AI12: =COUNTIF(C12:AG12,"P") -> 18 | AJ12: =COUNTIF(C12:AG12,"WFH") -> 0 | AK12: =COUNTIF(C12:AG12,"HD") -> 0 | AL12: =COUNTIF(C12:AG12,"EL") -> 0 | AM12: =COUNTIF(C12:AG12,"SL") -> 0 | AN12: =COUNTIF(C12:AG12,"CL") -> 0 | AO12: =COUNTIF(C12:AG12,"LOP") -> 0 | AP12: =AI12+AJ12+AK12*0.5+AL12+AM12+AN12 -> 18 | AQ12: =AO12 -> 0 | AR12: =IFERROR(AP12/AH12*100,0) -> 78.26087
A13: 10 | B13: Varakantham Surender Reddy | C13: P | D13: P | E13: P | F13: WO | G13: WO | H13: P | I13: P | J13: P | K13: P | L13: P | M13: WO | N13: WO | O13: P | P13: P | Q13: P | R13: P | S13: P | T13: WO | U13: WO | V13: P | W13: P | X13: P | Y13: P | Z13: P | AA13: WO | AB13: WO | AH13: =31-COUNTIF(C13:AG13,"WO")-COUNTIF(C13:AG13,"H") -> 23 | AI13: =COUNTIF(C13:AG13,"P") -> 18 | AJ13: =COUNTIF(C13:AG13,"WFH") -> 0 | AK13: =COUNTIF(C13:AG13,"HD") -> 0 | AL13: =COUNTIF(C13:AG13,"EL") -> 0 | AM13: =COUNTIF(C13:AG13,"SL") -> 0 | AN13: =COUNTIF(C13:AG13,"CL") -> 0 | AO13: =COUNTIF(C13:AG13,"LOP") -> 0 | AP13: =AI13+AJ13+AK13*0.5+AL13+AM13+AN13 -> 18 | AQ13: =AO13 -> 0 | AR13: =IFERROR(AP13/AH13*100,0) -> 78.26087
A14: 11 | B14: Siddula Hemasai | C14: P | D14: P | E14: P | F14: WO | G14: WO | H14: P | I14: P | J14: P | K14: P | L14: P | M14: WO | N14: WO | O14: P | P14: P | Q14: P | R14: P | S14: P | T14: WO | U14: WO | V14: P | W14: P | X14: P | Y14: P | Z14: P | AA14: WO | AB14: WO | AH14: =31-COUNTIF(C14:AG14,"WO")-COUNTIF(C14:AG14,"H") -> 23 | AI14: =COUNTIF(C14:AG14,"P") -> 18 | AJ14: =COUNTIF(C14:AG14,"WFH") -> 0 | AK14: =COUNTIF(C14:AG14,"HD") -> 0 | AL14: =COUNTIF(C14:AG14,"EL") -> 0 | AM14: =COUNTIF(C14:AG14,"SL") -> 0 | AN14: =COUNTIF(C14:AG14,"CL") -> 0 | AO14: =COUNTIF(C14:AG14,"LOP") -> 0 | AP14: =AI14+AJ14+AK14*0.5+AL14+AM14+AN14 -> 18 | AQ14: =AO14 -> 0 | AR14: =IFERROR(AP14/AH14*100,0) -> 78.26087
A15: 12 | B15: Mohammed Moid | C15: P | D15: P | E15: P | F15: WO | G15: WO | H15: P | I15: P | J15: P | K15: P | L15: P | M15: WO | N15: WO | O15: P | P15: P | Q15: P | R15: P | S15: P | T15: WO | U15: WO | V15: P | W15: P | X15: P | Y15: P | Z15: P | AA15: WO | AB15: WO | AH15: =31-COUNTIF(C15:AG15,"WO")-COUNTIF(C15:AG15,"H") -> 23 | AI15: =COUNTIF(C15:AG15,"P") -> 18 | AJ15: =COUNTIF(C15:AG15,"WFH") -> 0 | AK15: =COUNTIF(C15:AG15,"HD") -> 0 | AL15: =COUNTIF(C15:AG15,"EL") -> 0 | AM15: =COUNTIF(C15:AG15,"SL") -> 0 | AN15: =COUNTIF(C15:AG15,"CL") -> 0 | AO15: =COUNTIF(C15:AG15,"LOP") -> 0 | AP15: =AI15+AJ15+AK15*0.5+AL15+AM15+AN15 -> 18 | AQ15: =AO15 -> 0 | AR15: =IFERROR(AP15/AH15*100,0) -> 78.26087
... A69: 66 | B69: Tepala Rajukumar | C69: P | D69: P | E69: P | F69: WO | G69: WO | H69: P | I69: P | J69: P | K69: P | L69: P | M69: WO | N69: WO | O69: P | P69: P | Q69: P | R69: P | S69: P | T69: WO | U69: WO | V69: P | W69: P | X69: P | Y69: P | Z69: P | AA69: WO | AB69: WO | AH69: =31-COUNTIF(C69:AG69,"WO")-COUNTIF(C69:AG69,"H") -> 23 | AI69: =COUNTIF(C69:AG69,"P") -> 18 | AJ69: =COUNTIF(C69:AG69,"WFH") -> 0 | AK69: =COUNTIF(C69:AG69,"HD") -> 0 | AL69: =COUNTIF(C69:AG69,"EL") -> 0 | AM69: =COUNTIF(C69:AG69,"SL") -> 0 | AN69: =COUNTIF(C69:AG69,"CL") -> 0 | AO69: =COUNTIF(C69:AG69,"LOP") -> 0 | AP69: =AI69+AJ69+AK69*0.5+AL69+AM69+AN69 -> 18 | AQ69: =AO69 -> 0 | AR69: =IFERROR(AP69/AH69*100,0) -> 78.26087
A70: 67 | B70: Ayesha | C70: P | D70: P | E70: P | F70: WO | G70: WO | H70: P | I70: HD | J70: P | K70: P | L70: P | M70: WO | N70: WO | O70: P | P70: P | Q70: P | R70: P | S70: P | T70: WO | U70: WO | V70: P | W70: P | X70: P | Y70: P | Z70: P | AA70: WO | AB70: WO

Sheet Legend & Instructions
B2: ATTENDANCE TRACKER — LEGEND & INSTRUCTIONS
B4: STATUS CODES
B5: P | C5: Present
B6: A | C6: Absent
B7: EL | C7: Earned Leave
B8: SL | C8: Sick Leave
B9: CL | C9: Casual Leave
B10: LOP | C10: Loss of Pay
B11: WFH | C11: Work from Home
B12: H | C12: Holiday
B13: HD | C13: Half Day
B14: WO | C14: Week Off
B16: PAYROLL SUMMARY COLUMNS
B17: Working Days | C17: Total days excluding Sundays and Holidays
B18: Present (P) | C18: Count of days marked P
B19: WFH | C19: Count of days marked WFH
B20: Half Days (HD) | C20: Count of HD — counts as 0.5 day each
B21: EL Taken | C21: Earned Leave consumed this month
B22: SL Taken | C22: Sick Leave consumed this month
B23: CL Taken | C23: Casual Leave consumed this month
B24: LOP Days | C24: Loss of Pay days (unpaid absences)
B25: Paid Days | C25: Present + WFH + HD×0.5 + EL + SL + CL
B26: Unpaid Days | C26: LOP count (deduct from salary)
B27: Effective Attendance % | C27: Paid Days ÷ Working Days × 100
